sensor_id,timestamp,temperature,humidity,location,sensor_type
1005,2025-04-06 19:32:25,16.25,54.59,BuildingA_Floor2,TypeB
1045,2025-04-07 21:26:48,29.96,52.11,BuildingB_Floor1,TypeB
1082,2025-04-08 15:56:20,20.31,39.5,BuildingB_Floor1,TypeC
1073,2025-04-09 03:29:52,23.16,49.68,BuildingA_Floor1,TypeC
1009,2025-04-07 02:57:39,22.12,35.42,BuildingB_Floor1,TypeA
1028,2025-04-08 13:25:38,25.03,68.65,BuildingB_Floor1,TypeB
1013,2025-04-09 06:09:33,28.65,31.13,BuildingB_Floor1,TypeB
1000,2025-04-09 10:30:18,26.05,45.47,BuildingB_Floor1,TypeA
1068,2025-04-09 14:57:35,24.08,46.04,BuildingA_Floor1,TypeA
1036,2025-04-10 02:59:37,19.51,53.41,BuildingB_Floor1,TypeA
1003,2025-04-05 23:07:38,21.2,30.74,BuildingA_Floor2,TypeA
1028,2025-04-09 11:27:20,20.36,39.88,BuildingA_Floor2,TypeA
1088,2025-04-09 15:17:14,34.47,54.22,BuildingB_Floor2,TypeA
1032,2025-04-07 18:46:48,29.25,30.98,BuildingA_Floor1,TypeC
1005,2025-04-08 13:55:28,24.68,63.5,BuildingB_Floor1,TypeC
1017,2025-04-06 19:33:23,21.64,41.32,BuildingB_Floor2,TypeA
1052,2025-04-06 08:24:35,17.31,58.1,BuildingB_Floor2,TypeB
1086,2025-04-09 07:41:49,25.6,41.84,BuildingA_Floor1,TypeA
1062,2025-04-10 13:31:57,20.4,37.0,BuildingA_Floor2,TypeC
1087,2025-04-06 01:54:31,20.58,58.2,BuildingA_Floor1,TypeB
1068,2025-04-08 15:21:23,19.89,34.1,BuildingA_Floor1,TypeB
1035,2025-04-10 08:48:50,28.02,37.5,BuildingB_Floor2,TypeA
1014,2025-04-09 08:42:08,19.54,69.46,BuildingA_Floor1,TypeB
1039,2025-04-08 16:58:18,32.6,36.97,BuildingB_Floor2,TypeB
1085,2025-04-05 23:16:03,22.71,70.65,BuildingB_Floor1,TypeC
1051,2025-04-07 15:46:52,33.9,62.77,BuildingA_Floor1,TypeC
1029,2025-04-09 20:00:28,21.42,77.69,BuildingA_Floor1,TypeA
1083,2025-04-07 17:43:58,23.43,41.24,BuildingB_Floor2,TypeA
1066,2025-04-06 06:57:59,29.16,36.09,BuildingB_Floor1,TypeA
1014,2025-04-10 01:50:51,26.31,70.07,BuildingA_Floor1,TypeB
1037,2025-04-07 17:01:04,18.07,79.53,BuildingB_Floor2,TypeB
1063,2025-04-08 06:12:34,31.74,55.8,BuildingA_Floor2,TypeA
1089,2025-04-06 22:36:52,32.55,78.11,BuildingB_Floor2,TypeC
1028,2025-04-07 17:51:28,18.91,70.88,BuildingB_Floor2,TypeA
1059,2025-04-09 17:08:32,32.27,74.49,BuildingA_Floor2,TypeA
1051,2025-04-06 20:40:44,26.11,49.56,BuildingB_Floor1,TypeB
1095,2025-04-06 07:56:21,16.59,54.08,BuildingB_Floor1,TypeC
1027,2025-04-05 23:20:39,27.38,70.11,BuildingB_Floor2,TypeA
1000,2025-04-07 01:03:19,33.93,79.06,BuildingB_Floor1,TypeB
1006,2025-04-08 20:16:28,29.72,74.29,BuildingA_Floor2,TypeA
1053,2025-04-06 00:05:02,18.96,52.71,BuildingB_Floor2,TypeC
1040,2025-04-09 11:47:41,22.89,49.91,BuildingA_Floor2,TypeC
1095,2025-04-09 15:15:12,34.81,58.68,BuildingA_Floor2,TypeC
1083,2025-04-07 03:28:56,24.77,65.13,BuildingA_Floor2,TypeB
1091,2025-04-06 00:04:54,33.82,51.44,BuildingB_Floor2,TypeB
1094,2025-04-09 15:04:03,25.65,77.96,BuildingB_Floor2,TypeA
1007,2025-04-09 09:04:23,29.64,77.82,BuildingB_Floor1,TypeA
1054,2025-04-07 12:56:58,18.36,39.36,BuildingA_Floor2,TypeA
1044,2025-04-06 00:16:26,26.3,46.39,BuildingA_Floor2,TypeC
1056,2025-04-07 15:12:04,24.81,71.88,BuildingA_Floor1,TypeC
1071,2025-04-08 17:24:50,21.37,45.38,BuildingB_Floor2,TypeA
1010,2025-04-06 23:15:34,32.6,68.04,BuildingA_Floor1,TypeA
1018,2025-04-05 19:38:17,26.63,37.44,BuildingA_Floor2,TypeA
1092,2025-04-07 14:20:19,29.11,30.8,BuildingB_Floor2,TypeB
1067,2025-04-09 14:14:53,17.35,45.35,BuildingB_Floor1,TypeB
1026,2025-04-05 22:28:16,16.38,66.58,BuildingB_Floor2,TypeA
1049,2025-04-08 01:42:05,20.15,61.76,BuildingA_Floor1,TypeC
1082,2025-04-06 17:42:26,31.25,74.76,BuildingA_Floor1,TypeB
1006,2025-04-06 10:17:22,24.72,61.1,BuildingA_Floor2,TypeA
1042,2025-04-09 00:06:38,17.43,57.09,BuildingB_Floor1,TypeB
1040,2025-04-08 07:30:09,19.82,50.09,BuildingA_Floor1,TypeC
1064,2025-04-07 13:11:17,32.46,64.85,BuildingB_Floor1,TypeC
1024,2025-04-08 21:43:23,33.93,78.85,BuildingB_Floor2,TypeB
1090,2025-04-09 22:58:16,18.11,77.03,BuildingA_Floor1,TypeC
1091,2025-04-07 14:37:37,29.15,47.49,BuildingB_Floor1,TypeA
1032,2025-04-10 00:16:16,32.5,33.78,BuildingB_Floor1,TypeC
1096,2025-04-07 17:57:20,33.59,42.38,BuildingA_Floor2,TypeB
1097,2025-04-05 18:11:17,26.88,50.64,BuildingA_Floor2,TypeB
1019,2025-04-09 04:38:56,29.4,31.04,BuildingB_Floor1,TypeB
1016,2025-04-06 17:28:15,15.33,48.38,BuildingA_Floor2,TypeB
1066,2025-04-08 15:08:23,34.54,47.58,BuildingA_Floor1,TypeC
1039,2025-04-10 05:55:46,19.69,41.14,BuildingA_Floor2,TypeB
1090,2025-04-07 11:57:36,26.16,50.64,BuildingA_Floor2,TypeB
1050,2025-04-06 12:49:01,26.23,71.28,BuildingA_Floor2,TypeA
1030,2025-04-06 13:40:05,22.7,57.26,BuildingB_Floor2,TypeB
1039,2025-04-06 00:04:44,27.33,54.93,BuildingA_Floor2,TypeB
1044,2025-04-06 12:35:49,28.16,59.74,BuildingA_Floor1,TypeA
1064,2025-04-07 21:37:11,21.08,57.04,BuildingB_Floor2,TypeB
1095,2025-04-08 05:11:36,18.79,72.55,BuildingB_Floor1,TypeA
1012,2025-04-06 17:34:09,24.67,62.43,BuildingA_Floor2,TypeA
1068,2025-04-07 13:33:07,26.38,49.28,BuildingB_Floor2,TypeC
1076,2025-04-06 03:26:31,29.83,46.25,BuildingB_Floor1,TypeA
1047,2025-04-10 00:52:12,16.28,69.1,BuildingB_Floor2,TypeC
1011,2025-04-08 19:00:18,22.74,37.17,BuildingA_Floor2,TypeA
1036,2025-04-06 05:14:37,25.93,57.47,BuildingA_Floor1,TypeA
1010,2025-04-08 20:26:12,30.21,48.89,BuildingA_Floor2,TypeB
1019,2025-04-07 02:30:18,25.37,42.01,BuildingA_Floor2,TypeA
1065,2025-04-06 02:07:38,22.43,51.77,BuildingB_Floor2,TypeA
1056,2025-04-09 01:08:51,31.39,63.65,BuildingA_Floor2,TypeA
1012,2025-04-09 01:11:20,26.3,48.49,BuildingB_Floor2,TypeC
1086,2025-04-10 01:01:45,31.26,74.41,BuildingA_Floor2,TypeB
1060,2025-04-07 01:46:19,34.63,49.88,BuildingB_Floor1,TypeB
1025,2025-04-06 04:19:26,23.53,69.47,BuildingA_Floor1,TypeC
1088,2025-04-08 05:22:17,21.77,56.39,BuildingA_Floor1,TypeA
1017,2025-04-08 14:06:35,22.68,30.38,BuildingA_Floor1,TypeB
1051,2025-04-07 10:45:38,31.11,39.73,BuildingA_Floor1,TypeC
1066,2025-04-08 15:56:41,30.89,55.65,BuildingA_Floor2,TypeA
1087,2025-04-06 05:55:04,17.88,75.13,BuildingA_Floor1,TypeC
1097,2025-04-05 20:40:37,30.81,40.09,BuildingA_Floor1,TypeC
1002,2025-04-09 22:25:43,18.48,55.81,BuildingA_Floor2,TypeA
1008,2025-04-08 04:37:01,21.24,77.23,BuildingB_Floor2,TypeA
1017,2025-04-05 22:04:46,23.16,45.36,BuildingB_Floor2,TypeB
1085,2025-04-08 05:13:01,31.7,50.57,BuildingA_Floor1,TypeC
1001,2025-04-08 07:06:31,16.95,36.7,BuildingA_Floor1,TypeA
1026,2025-04-07 03:07:55,30.12,65.64,BuildingB_Floor2,TypeA
1035,2025-04-06 04:36:55,21.09,66.89,BuildingB_Floor2,TypeB
1065,2025-04-09 19:58:16,18.54,68.18,BuildingB_Floor1,TypeB
1100,2025-04-08 02:08:22,31.61,77.97,BuildingB_Floor2,TypeB
1051,2025-04-08 08:52:22,19.41,38.51,BuildingB_Floor1,TypeB
1015,2025-04-06 05:54:39,21.94,51.52,BuildingA_Floor2,TypeB
1004,2025-04-08 04:54:36,18.9,47.34,BuildingB_Floor1,TypeC
1030,2025-04-10 11:58:21,24.07,42.33,BuildingB_Floor1,TypeC
1014,2025-04-09 15:30:55,30.25,63.34,BuildingB_Floor2,TypeA
1029,2025-04-09 08:12:13,15.01,32.31,BuildingA_Floor2,TypeB
1028,2025-04-10 09:05:45,25.47,73.51,BuildingB_Floor2,TypeB
1002,2025-04-07 07:22:40,25.21,48.01,BuildingB_Floor1,TypeB
1017,2025-04-10 13:29:33,16.94,75.11,BuildingA_Floor1,TypeA
1074,2025-04-07 00:34:22,18.26,48.56,BuildingB_Floor2,TypeC
1071,2025-04-09 02:16:20,26.13,35.74,BuildingA_Floor2,TypeC
1058,2025-04-07 21:27:03,34.07,54.43,BuildingB_Floor2,TypeC
1045,2025-04-08 19:23:11,31.24,45.63,BuildingA_Floor1,TypeA
1050,2025-04-09 05:54:48,26.77,52.37,BuildingB_Floor1,TypeB
1090,2025-04-10 05:27:23,27.26,53.06,BuildingB_Floor1,TypeA
1033,2025-04-07 20:36:10,26.5,32.26,BuildingB_Floor2,TypeC
1078,2025-04-09 10:26:33,20.36,59.16,BuildingA_Floor1,TypeB
1029,2025-04-07 17:49:09,30.04,60.27,BuildingB_Floor1,TypeB
1064,2025-04-06 06:52:57,26.05,70.65,BuildingA_Floor2,TypeA
1091,2025-04-09 02:18:30,16.5,61.56,BuildingB_Floor1,TypeC
1050,2025-04-06 04:22:31,24.44,62.25,BuildingB_Floor2,TypeA
1089,2025-04-05 23:14:19,21.82,57.26,BuildingB_Floor1,TypeB
1056,2025-04-07 18:46:33,17.38,49.73,BuildingB_Floor2,TypeA
1013,2025-04-08 12:11:47,19.42,65.33,BuildingA_Floor2,TypeB
1047,2025-04-07 01:15:56,30.26,47.81,BuildingA_Floor2,TypeA
1053,2025-04-07 15:12:04,29.62,75.16,BuildingA_Floor1,TypeB
1029,2025-04-05 18:07:58,20.19,59.68,BuildingA_Floor2,TypeA
1059,2025-04-05 23:58:04,34.15,73.56,BuildingB_Floor2,TypeA
1097,2025-04-10 04:38:25,23.47,69.49,BuildingA_Floor1,TypeA
1079,2025-04-07 23:48:09,33.62,66.76,BuildingA_Floor1,TypeB
1038,2025-04-07 11:07:12,23.68,61.28,BuildingB_Floor2,TypeB
1052,2025-04-07 10:20:15,29.28,34.92,BuildingA_Floor1,TypeB
1016,2025-04-05 22:36:27,22.07,41.4,BuildingB_Floor2,TypeA
1071,2025-04-08 18:35:28,17.1,36.59,BuildingB_Floor2,TypeC
1098,2025-04-09 04:28:00,30.23,42.75,BuildingA_Floor1,TypeA
1058,2025-04-07 10:24:45,18.04,58.41,BuildingB_Floor2,TypeA
1082,2025-04-09 15:28:54,19.38,37.24,BuildingA_Floor1,TypeB
1024,2025-04-08 16:44:34,31.9,66.81,BuildingA_Floor1,TypeC
1096,2025-04-08 07:56:09,23.07,54.38,BuildingB_Floor1,TypeC
1010,2025-04-06 16:42:26,32.16,51.91,BuildingA_Floor1,TypeA
1057,2025-04-09 07:07:09,29.99,78.94,BuildingA_Floor1,TypeA
1082,2025-04-09 00:18:36,18.31,45.75,BuildingA_Floor1,TypeA
1058,2025-04-05 23:16:50,16.72,61.23,BuildingB_Floor1,TypeA
1008,2025-04-08 08:52:53,31.22,42.42,BuildingB_Floor1,TypeC
1093,2025-04-09 19:10:02,25.02,44.79,BuildingB_Floor2,TypeC
1019,2025-04-06 17:28:06,26.39,65.77,BuildingA_Floor2,TypeB
1022,2025-04-05 17:49:01,25.61,36.86,BuildingB_Floor1,TypeC
1006,2025-04-05 21:56:12,34.79,71.67,BuildingB_Floor2,TypeC
1044,2025-04-06 02:31:20,24.38,30.97,BuildingA_Floor2,TypeB
1095,2025-04-07 19:20:35,19.18,79.61,BuildingB_Floor1,TypeB
1081,2025-04-06 14:30:17,27.49,35.05,BuildingB_Floor2,TypeC
1015,2025-04-10 11:45:21,33.64,77.95,BuildingA_Floor2,TypeC
1007,2025-04-06 02:16:07,33.19,34.58,BuildingB_Floor2,TypeC
1010,2025-04-07 05:00:09,32.18,49.62,BuildingB_Floor1,TypeA
1036,2025-04-08 15:33:00,22.01,73.07,BuildingA_Floor2,TypeA
1010,2025-04-07 08:04:14,23.48,36.34,BuildingB_Floor2,TypeC
1068,2025-04-09 21:35:14,33.77,31.59,BuildingB_Floor2,TypeB
1061,2025-04-07 21:28:32,26.15,46.59,BuildingB_Floor1,TypeC
1024,2025-04-06 11:24:55,16.99,32.64,BuildingA_Floor1,TypeA
1075,2025-04-07 23:52:38,30.1,34.72,BuildingA_Floor1,TypeB
1099,2025-04-10 13:54:53,21.83,56.8,BuildingB_Floor2,TypeA
1036,2025-04-07 20:59:16,31.47,40.66,BuildingB_Floor2,TypeB
1041,2025-04-09 02:13:09,21.9,36.02,BuildingA_Floor1,TypeC
1001,2025-04-08 23:53:10,28.94,47.88,BuildingB_Floor1,TypeC
1023,2025-04-10 14:18:48,16.54,64.28,BuildingA_Floor1,TypeC
1055,2025-04-07 18:09:15,28.35,36.8,BuildingA_Floor2,TypeA
1036,2025-04-08 02:08:17,25.7,32.5,BuildingB_Floor1,TypeB
1033,2025-04-06 18:20:04,18.23,42.56,BuildingB_Floor1,TypeC
1099,2025-04-09 06:34:39,24.15,30.31,BuildingA_Floor2,TypeB
1011,2025-04-07 22:50:16,24.9,45.02,BuildingA_Floor1,TypeA
1009,2025-04-06 03:44:56,33.42,59.02,BuildingA_Floor2,TypeC
1027,2025-04-08 11:10:50,26.39,69.22,BuildingB_Floor2,TypeA
1072,2025-04-08 23:44:15,28.91,45.95,BuildingB_Floor1,TypeB
1077,2025-04-07 14:09:41,29.66,31.7,BuildingB_Floor1,TypeC
1099,2025-04-10 07:28:26,17.0,34.13,BuildingB_Floor1,TypeB
1002,2025-04-05 22:40:52,22.09,71.11,BuildingB_Floor1,TypeC
1097,2025-04-07 01:17:48,26.54,72.61,BuildingA_Floor2,TypeC
1060,2025-04-08 09:01:25,23.23,68.55,BuildingB_Floor2,TypeB
1079,2025-04-06 15:35:00,33.84,35.08,BuildingA_Floor2,TypeB
1062,2025-04-10 04:55:50,22.97,45.96,BuildingA_Floor2,TypeC
1029,2025-04-07 07:18:53,16.91,74.08,BuildingA_Floor1,TypeA
1054,2025-04-06 01:45:08,27.03,45.83,BuildingA_Floor2,TypeC
1079,2025-04-08 13:42:00,18.96,74.51,BuildingB_Floor2,TypeA
1023,2025-04-06 17:05:06,32.6,59.19,BuildingB_Floor2,TypeC
1064,2025-04-06 10:49:39,23.18,30.14,BuildingB_Floor1,TypeA
1066,2025-04-06 19:17:41,22.67,49.64,BuildingA_Floor2,TypeA
1100,2025-04-09 05:15:52,16.47,71.77,BuildingB_Floor2,TypeC
1093,2025-04-06 19:55:51,18.25,33.37,BuildingB_Floor1,TypeB
1071,2025-04-10 01:39:13,31.48,71.02,BuildingA_Floor1,TypeA
1017,2025-04-07 13:48:23,18.42,53.53,BuildingA_Floor2,TypeA
1035,2025-04-06 04:57:55,26.3,77.88,BuildingB_Floor2,TypeB
1093,2025-04-06 19:44:15,29.23,35.55,BuildingB_Floor1,TypeA
1035,2025-04-06 23:04:28,31.81,62.66,BuildingA_Floor2,TypeA
1029,2025-04-06 16:19:45,24.84,56.07,BuildingA_Floor2,TypeC
1056,2025-04-07 17:11:12,34.63,51.79,BuildingA_Floor2,TypeC
1039,2025-04-07 20:53:04,33.47,76.29,BuildingA_Floor2,TypeB
1091,2025-04-06 04:54:51,34.01,64.13,BuildingB_Floor2,TypeA
1058,2025-04-07 02:21:30,20.19,41.9,BuildingB_Floor2,TypeA
1067,2025-04-10 06:10:28,21.96,35.45,BuildingB_Floor2,TypeA
1048,2025-04-07 09:09:46,19.35,48.64,BuildingA_Floor2,TypeC
1048,2025-04-07 02:10:17,25.35,33.89,BuildingB_Floor2,TypeC
1097,2025-04-08 16:34:42,27.43,54.62,BuildingA_Floor2,TypeB
1054,2025-04-09 06:27:04,30.06,34.37,BuildingB_Floor2,TypeB
1017,2025-04-08 13:42:29,32.94,79.75,BuildingB_Floor2,TypeC
1064,2025-04-07 17:23:16,31.13,59.2,BuildingA_Floor2,TypeC
1092,2025-04-05 23:17:06,26.17,62.62,BuildingB_Floor2,TypeC
1088,2025-04-09 03:49:40,20.39,55.4,BuildingA_Floor2,TypeA
1025,2025-04-07 01:49:36,32.76,54.83,BuildingB_Floor2,TypeA
1016,2025-04-09 05:02:31,27.94,65.4,BuildingA_Floor2,TypeB
1068,2025-04-05 14:53:23,27.99,79.1,BuildingA_Floor2,TypeA
1039,2025-04-08 08:39:43,34.79,54.06,BuildingA_Floor2,TypeB
1012,2025-04-09 12:24:35,20.48,50.51,BuildingB_Floor2,TypeC
1059,2025-04-10 04:29:54,34.17,43.26,BuildingB_Floor1,TypeC
1007,2025-04-07 06:05:37,15.38,65.14,BuildingB_Floor2,TypeC
1076,2025-04-07 07:17:12,33.3,36.1,BuildingA_Floor1,TypeB
1067,2025-04-08 06:46:42,19.53,76.94,BuildingB_Floor1,TypeA
1022,2025-04-08 19:33:11,24.79,64.91,BuildingB_Floor2,TypeB
1054,2025-04-07 06:41:15,28.72,72.74,BuildingA_Floor2,TypeC
1046,2025-04-08 02:49:48,16.77,36.07,BuildingA_Floor1,TypeB
1059,2025-04-05 23:35:24,16.54,46.36,BuildingB_Floor1,TypeC
1004,2025-04-07 21:12:50,32.68,47.04,BuildingB_Floor1,TypeC
1043,2025-04-09 13:17:13,30.98,69.14,BuildingA_Floor2,TypeA
1066,2025-04-09 17:55:02,33.33,72.89,BuildingA_Floor1,TypeA
1070,2025-04-10 08:22:04,34.77,38.92,BuildingB_Floor1,TypeB
1027,2025-04-10 01:45:41,23.04,68.58,BuildingB_Floor1,TypeC
1048,2025-04-05 15:40:59,19.72,79.18,BuildingA_Floor2,TypeC
1079,2025-04-07 01:00:51,19.32,31.1,BuildingA_Floor2,TypeA
1082,2025-04-09 22:37:10,24.9,44.32,BuildingB_Floor1,TypeB
1000,2025-04-06 18:08:31,32.07,76.01,BuildingB_Floor2,TypeB
1087,2025-04-09 03:26:41,20.28,38.85,BuildingB_Floor2,TypeC
1026,2025-04-09 18:21:05,30.87,58.86,BuildingA_Floor1,TypeA
1093,2025-04-10 04:43:05,30.12,49.74,BuildingB_Floor2,TypeB
1028,2025-04-06 11:06:44,24.4,79.34,BuildingB_Floor1,TypeB
1085,2025-04-09 23:57:32,25.66,48.74,BuildingA_Floor2,TypeC
1075,2025-04-06 04:51:57,17.69,31.1,BuildingA_Floor2,TypeA
1042,2025-04-08 09:14:24,31.01,31.27,BuildingB_Floor1,TypeA
1092,2025-04-07 09:04:07,15.05,51.53,BuildingB_Floor1,TypeB
1039,2025-04-05 16:00:04,18.44,32.4,BuildingA_Floor1,TypeB
1099,2025-04-08 09:12:56,27.47,59.67,BuildingB_Floor1,TypeB
1036,2025-04-07 13:41:01,34.48,64.18,BuildingA_Floor2,TypeB
1045,2025-04-09 13:49:05,26.58,66.11,BuildingB_Floor2,TypeC
1014,2025-04-10 11:48:45,29.97,57.0,BuildingB_Floor1,TypeB
1028,2025-04-08 12:15:49,20.28,49.47,BuildingB_Floor1,TypeC
1071,2025-04-09 21:32:23,24.29,63.1,BuildingB_Floor1,TypeC
1075,2025-04-07 14:47:41,18.61,56.08,BuildingB_Floor2,TypeC
1099,2025-04-09 17:25:45,26.0,62.61,BuildingA_Floor2,TypeC
1088,2025-04-10 12:46:13,31.06,57.48,BuildingA_Floor2,TypeB
1058,2025-04-07 00:41:08,18.49,48.67,BuildingB_Floor1,TypeB
1053,2025-04-09 14:34:39,22.99,68.04,BuildingB_Floor1,TypeA
1051,2025-04-07 22:18:53,33.13,76.58,BuildingB_Floor1,TypeB
1002,2025-04-06 06:34:29,19.18,35.91,BuildingB_Floor2,TypeA
1006,2025-04-06 21:37:26,18.88,71.25,BuildingB_Floor2,TypeC
1062,2025-04-09 01:06:30,16.94,36.1,BuildingB_Floor2,TypeC
1023,2025-04-08 12:03:41,16.77,51.17,BuildingA_Floor1,TypeB
1037,2025-04-07 14:58:54,18.48,59.94,BuildingA_Floor2,TypeB
1034,2025-04-07 11:13:15,24.87,71.68,BuildingB_Floor2,TypeC
1084,2025-04-09 05:23:10,15.05,73.94,BuildingB_Floor2,TypeB
1033,2025-04-09 05:38:14,20.7,49.64,BuildingA_Floor1,TypeA
1012,2025-04-07 14:14:03,29.5,73.85,BuildingB_Floor2,TypeB
1060,2025-04-08 05:57:15,23.99,49.42,BuildingA_Floor2,TypeB
1065,2025-04-07 14:45:35,29.8,62.86,BuildingB_Floor2,TypeA
1050,2025-04-08 17:51:27,24.33,64.96,BuildingB_Floor2,TypeA
1098,2025-04-10 04:32:06,21.23,72.98,BuildingB_Floor2,TypeA
1010,2025-04-05 18:18:26,17.17,45.71,BuildingB_Floor1,TypeA
1036,2025-04-09 22:05:06,33.19,72.25,BuildingB_Floor2,TypeA
1021,2025-04-07 11:47:51,17.3,78.54,BuildingB_Floor1,TypeC
1079,2025-04-09 00:23:30,30.1,32.51,BuildingA_Floor1,TypeA
1069,2025-04-09 09:46:49,26.77,39.32,BuildingA_Floor2,TypeB
1081,2025-04-05 19:56:42,15.0,78.48,BuildingB_Floor2,TypeB
1042,2025-04-08 13:23:52,34.38,42.99,BuildingA_Floor2,TypeA
1088,2025-04-06 00:31:36,32.66,40.73,BuildingA_Floor2,TypeC
1059,2025-04-06 03:29:29,27.93,63.97,BuildingB_Floor2,TypeA
1043,2025-04-06 17:58:48,24.54,60.04,BuildingA_Floor1,TypeB
1029,2025-04-07 17:19:44,28.54,46.97,BuildingB_Floor1,TypeA
1053,2025-04-05 21:07:55,29.45,68.04,BuildingA_Floor2,TypeC
1082,2025-04-09 09:22:58,24.78,59.56,BuildingB_Floor2,TypeB
1055,2025-04-07 01:39:15,32.56,46.49,BuildingB_Floor1,TypeC
1057,2025-04-06 10:11:02,34.28,42.47,BuildingB_Floor1,TypeA
1075,2025-04-07 10:45:22,18.03,69.55,BuildingB_Floor2,TypeB
1027,2025-04-08 16:27:48,34.0,32.46,BuildingA_Floor2,TypeB
1059,2025-04-05 17:34:43,26.36,45.7,BuildingB_Floor2,TypeB
1098,2025-04-09 12:04:54,15.78,69.72,BuildingB_Floor1,TypeA
1028,2025-04-09 23:26:53,28.14,55.34,BuildingB_Floor2,TypeB
1030,2025-04-06 01:42:15,27.94,36.28,BuildingB_Floor1,TypeB
1032,2025-04-06 09:15:59,29.98,37.51,BuildingB_Floor2,TypeC
1038,2025-04-09 17:16:15,17.84,75.89,BuildingA_Floor2,TypeB
1013,2025-04-08 01:34:45,30.44,55.29,BuildingA_Floor2,TypeB
1089,2025-04-10 08:32:18,24.22,57.83,BuildingA_Floor1,TypeC
1014,2025-04-08 05:31:54,23.43,55.87,BuildingA_Floor1,TypeA
1032,2025-04-09 10:24:31,15.95,61.99,BuildingA_Floor1,TypeC
1029,2025-04-08 19:01:10,33.43,67.43,BuildingA_Floor2,TypeA
1069,2025-04-07 11:35:02,27.87,77.77,BuildingA_Floor1,TypeA
1010,2025-04-07 17:35:46,29.86,68.87,BuildingB_Floor1,TypeA
1029,2025-04-06 14:40:11,22.79,49.79,BuildingB_Floor1,TypeB
1081,2025-04-09 03:23:19,31.77,59.44,BuildingA_Floor1,TypeB
1026,2025-04-08 12:21:40,32.04,40.2,BuildingA_Floor1,TypeC
1033,2025-04-06 11:17:15,20.09,73.11,BuildingB_Floor2,TypeC
1006,2025-04-10 08:00:40,24.87,52.48,BuildingB_Floor2,TypeA
1058,2025-04-08 23:20:11,19.94,41.81,BuildingB_Floor1,TypeC
1070,2025-04-09 10:38:01,21.98,55.17,BuildingA_Floor2,TypeA
1088,2025-04-06 19:09:38,32.57,63.2,BuildingA_Floor2,TypeC
1032,2025-04-10 05:22:05,18.09,54.01,BuildingA_Floor1,TypeA
1018,2025-04-09 22:43:42,15.89,54.27,BuildingB_Floor1,TypeA
1066,2025-04-08 05:01:01,30.9,61.32,BuildingA_Floor2,TypeB
1027,2025-04-06 11:14:44,17.86,57.08,BuildingA_Floor1,TypeA
1077,2025-04-10 00:42:29,28.23,31.57,BuildingA_Floor2,TypeA
1044,2025-04-05 23:19:25,15.75,64.58,BuildingA_Floor1,TypeA
1080,2025-04-09 06:22:15,30.26,78.21,BuildingA_Floor2,TypeC
1041,2025-04-07 03:05:34,27.13,43.82,BuildingB_Floor2,TypeC
1086,2025-04-09 01:33:42,19.75,53.51,BuildingB_Floor1,TypeB
1032,2025-04-05 15:35:14,18.59,39.41,BuildingB_Floor2,TypeC
1045,2025-04-06 14:06:25,34.11,59.31,BuildingB_Floor1,TypeC
1025,2025-04-09 09:17:01,19.8,49.72,BuildingB_Floor2,TypeB
1097,2025-04-10 01:01:03,18.4,76.14,BuildingA_Floor2,TypeA
1051,2025-04-08 00:26:47,28.86,55.32,BuildingA_Floor1,TypeC
1019,2025-04-09 06:07:06,26.55,34.93,BuildingA_Floor2,TypeA
1076,2025-04-07 12:34:40,21.37,74.14,BuildingA_Floor2,TypeA
1022,2025-04-10 04:13:36,31.61,75.13,BuildingA_Floor2,TypeB
1062,2025-04-06 02:00:32,20.22,55.7,BuildingB_Floor1,TypeA
1041,2025-04-06 10:54:02,19.92,75.42,BuildingA_Floor2,TypeB
1067,2025-04-09 10:56:15,15.2,36.94,BuildingA_Floor1,TypeB
1042,2025-04-06 18:45:50,31.21,75.95,BuildingA_Floor2,TypeA
1092,2025-04-07 11:06:18,27.07,54.21,BuildingB_Floor1,TypeA
1021,2025-04-08 21:27:24,28.84,40.26,BuildingA_Floor1,TypeA
1025,2025-04-06 17:26:11,26.28,63.92,BuildingB_Floor2,TypeC
1049,2025-04-09 00:35:59,18.0,31.22,BuildingB_Floor1,TypeC
1041,2025-04-07 07:23:25,32.71,37.83,BuildingB_Floor2,TypeA
1060,2025-04-07 13:32:54,23.64,43.73,BuildingB_Floor1,TypeC
1031,2025-04-10 03:18:15,21.89,61.26,BuildingA_Floor1,TypeC
1064,2025-04-06 14:30:36,31.56,67.04,BuildingA_Floor1,TypeC
1017,2025-04-07 10:45:42,23.59,59.04,BuildingB_Floor2,TypeB
1034,2025-04-08 09:29:07,18.44,52.84,BuildingA_Floor2,TypeA
1095,2025-04-09 20:24:03,29.83,36.4,BuildingB_Floor1,TypeC
1070,2025-04-09 23:01:40,29.05,75.19,BuildingB_Floor1,TypeC
1027,2025-04-10 07:49:00,19.74,49.14,BuildingA_Floor2,TypeA
1092,2025-04-10 06:12:30,20.47,76.19,BuildingB_Floor1,TypeC
1046,2025-04-06 12:58:04,19.44,70.5,BuildingB_Floor1,TypeB
1064,2025-04-10 05:25:31,30.76,69.17,BuildingA_Floor1,TypeA
1020,2025-04-10 00:26:21,25.18,57.11,BuildingA_Floor1,TypeC
1096,2025-04-06 21:39:42,16.93,59.41,BuildingA_Floor1,TypeC
1014,2025-04-05 20:39:55,16.18,64.02,BuildingA_Floor2,TypeC
1068,2025-04-06 09:11:09,24.34,73.3,BuildingB_Floor1,TypeC
1044,2025-04-06 17:24:11,26.34,72.11,BuildingA_Floor2,TypeC
1061,2025-04-06 01:35:33,30.0,33.94,BuildingA_Floor1,TypeA
1005,2025-04-08 23:51:33,29.89,72.72,BuildingB_Floor2,TypeC
1072,2025-04-05 15:39:23,16.22,72.3,BuildingB_Floor2,TypeA
1056,2025-04-06 01:19:04,31.01,52.05,BuildingA_Floor1,TypeC
1057,2025-04-07 08:38:20,15.33,58.42,BuildingA_Floor2,TypeA
1088,2025-04-08 00:14:53,25.71,65.46,BuildingB_Floor2,TypeB
1011,2025-04-08 15:32:44,18.21,64.13,BuildingB_Floor2,TypeC
1029,2025-04-09 01:07:30,17.63,51.46,BuildingB_Floor1,TypeC
1097,2025-04-09 15:07:17,22.08,57.34,BuildingA_Floor2,TypeB
1076,2025-04-06 16:53:07,19.32,65.71,BuildingA_Floor1,TypeB
1069,2025-04-06 16:34:45,32.56,42.79,BuildingA_Floor2,TypeB
1085,2025-04-06 01:00:46,15.62,56.79,BuildingA_Floor2,TypeB
1032,2025-04-06 17:16:36,31.59,50.98,BuildingA_Floor2,TypeA
1033,2025-04-09 16:23:48,30.79,76.14,BuildingA_Floor2,TypeB
1050,2025-04-09 15:33:38,15.33,77.4,BuildingB_Floor2,TypeA
1030,2025-04-07 05:22:39,27.84,52.68,BuildingA_Floor1,TypeA
1011,2025-04-10 10:47:43,21.79,79.34,BuildingA_Floor2,TypeB
1032,2025-04-10 09:51:15,23.8,76.88,BuildingA_Floor2,TypeA
1046,2025-04-09 15:19:39,19.82,75.03,BuildingA_Floor2,TypeC
1086,2025-04-08 06:14:00,30.11,41.47,BuildingA_Floor2,TypeA
1028,2025-04-06 15:12:31,32.43,64.98,BuildingA_Floor2,TypeB
1002,2025-04-09 01:06:52,20.79,33.26,BuildingB_Floor2,TypeB
1091,2025-04-09 12:41:58,17.73,71.37,BuildingA_Floor2,TypeA
1060,2025-04-08 17:18:51,32.38,68.31,BuildingB_Floor1,TypeC
1009,2025-04-08 15:04:58,15.96,60.71,BuildingA_Floor1,TypeB
1026,2025-04-06 10:45:00,21.84,78.66,BuildingB_Floor2,TypeC
1051,2025-04-08 15:38:21,33.26,77.66,BuildingB_Floor1,TypeB
1079,2025-04-10 03:32:18,25.36,75.9,BuildingA_Floor2,TypeA
1065,2025-04-05 21:49:10,25.91,52.38,BuildingB_Floor2,TypeC
1012,2025-04-06 03:33:21,33.2,64.1,BuildingA_Floor2,TypeC
1022,2025-04-10 10:30:49,22.62,74.98,BuildingA_Floor2,TypeA
1069,2025-04-06 09:25:31,27.74,75.42,BuildingB_Floor2,TypeC
1053,2025-04-08 04:33:35,20.04,47.47,BuildingB_Floor1,TypeC
1026,2025-04-08 02:06:55,28.66,65.55,BuildingB_Floor1,TypeA
1092,2025-04-09 08:30:57,24.49,50.05,BuildingB_Floor2,TypeC
1077,2025-04-09 08:53:43,16.94,57.32,BuildingA_Floor1,TypeC
1084,2025-04-07 01:29:12,28.76,43.92,BuildingA_Floor1,TypeB
1042,2025-04-10 06:24:18,33.41,50.62,BuildingB_Floor2,TypeA
1033,2025-04-07 16:52:35,32.25,64.68,BuildingB_Floor1,TypeA
1053,2025-04-09 00:25:26,31.42,44.84,BuildingA_Floor2,TypeB
1053,2025-04-06 17:27:26,23.78,48.68,BuildingA_Floor1,TypeA
1046,2025-04-09 06:12:43,22.13,74.65,BuildingB_Floor2,TypeA
1098,2025-04-06 07:47:24,28.32,78.14,BuildingB_Floor2,TypeB
1021,2025-04-07 15:53:43,23.58,50.11,BuildingB_Floor2,TypeC
1024,2025-04-09 14:47:43,27.63,65.44,BuildingA_Floor2,TypeC
1078,2025-04-09 14:45:13,32.55,79.64,BuildingB_Floor2,TypeC
1094,2025-04-10 08:45:56,24.47,67.28,BuildingB_Floor1,TypeA
1091,2025-04-08 13:16:13,28.59,67.5,BuildingB_Floor2,TypeB
1064,2025-04-10 09:04:14,16.41,64.3,BuildingB_Floor1,TypeB
1085,2025-04-09 21:32:39,23.0,38.93,BuildingB_Floor1,TypeA
1020,2025-04-09 15:27:25,25.87,62.07,BuildingA_Floor1,TypeB
1075,2025-04-08 21:13:11,32.56,71.66,BuildingB_Floor1,TypeC
1047,2025-04-08 14:22:15,24.74,62.07,BuildingA_Floor1,TypeC
1079,2025-04-06 13:44:32,23.19,70.1,BuildingA_Floor1,TypeC
1078,2025-04-09 23:05:12,26.79,73.26,BuildingB_Floor2,TypeB
1041,2025-04-06 18:02:17,23.58,42.09,BuildingB_Floor1,TypeC
1095,2025-04-08 05:05:25,21.99,72.79,BuildingA_Floor2,TypeA
1096,2025-04-10 09:01:24,21.57,78.42,BuildingB_Floor2,TypeA
1061,2025-04-06 06:34:54,19.39,30.05,BuildingB_Floor2,TypeA
1035,2025-04-07 05:44:19,30.64,71.3,BuildingB_Floor2,TypeC
1026,2025-04-09 05:10:59,28.85,38.29,BuildingB_Floor1,TypeA
1100,2025-04-07 11:40:24,16.9,73.07,BuildingA_Floor1,TypeC
1098,2025-04-08 22:31:13,32.57,70.03,BuildingA_Floor2,TypeC
1042,2025-04-10 05:46:39,27.45,56.2,BuildingB_Floor2,TypeB
1018,2025-04-09 12:04:42,30.4,69.94,BuildingA_Floor1,TypeC
1045,2025-04-07 01:23:57,24.33,58.56,BuildingA_Floor2,TypeA
1084,2025-04-10 03:29:32,19.59,52.05,BuildingA_Floor1,TypeB
1046,2025-04-09 06:14:27,16.97,69.39,BuildingB_Floor2,TypeA
1012,2025-04-06 05:25:34,27.15,53.97,BuildingB_Floor1,TypeA
1091,2025-04-06 20:48:01,24.18,41.54,BuildingA_Floor2,TypeB
1054,2025-04-07 22:03:26,18.43,43.51,BuildingB_Floor2,TypeB
1016,2025-04-06 07:58:38,22.65,61.38,BuildingA_Floor2,TypeA
1011,2025-04-07 01:48:57,21.16,35.84,BuildingB_Floor2,TypeB
1034,2025-04-09 16:20:15,33.7,48.58,BuildingA_Floor2,TypeB
1034,2025-04-10 06:50:44,30.79,52.06,BuildingA_Floor2,TypeB
1080,2025-04-07 01:54:56,32.3,67.18,BuildingB_Floor2,TypeC
1010,2025-04-10 10:26:06,28.35,30.07,BuildingB_Floor2,TypeA
1059,2025-04-07 03:39:32,17.91,42.34,BuildingA_Floor1,TypeB
1039,2025-04-05 21:26:01,15.11,33.63,BuildingB_Floor1,TypeA
1074,2025-04-10 04:17:38,15.3,47.97,BuildingA_Floor2,TypeB
1014,2025-04-09 03:46:50,27.69,43.52,BuildingB_Floor1,TypeB
1096,2025-04-06 22:05:57,17.03,72.5,BuildingB_Floor2,TypeA
1076,2025-04-07 19:41:00,31.69,30.49,BuildingA_Floor2,TypeA
1043,2025-04-05 20:19:25,17.73,58.85,BuildingA_Floor2,TypeB
1032,2025-04-06 02:59:14,29.98,54.64,BuildingA_Floor2,TypeB
1028,2025-04-07 22:48:34,30.47,36.21,BuildingA_Floor2,TypeC
1077,2025-04-07 19:43:38,32.82,63.27,BuildingA_Floor1,TypeB
1062,2025-04-09 06:55:43,33.84,36.89,BuildingB_Floor1,TypeC
1051,2025-04-09 10:05:35,17.85,69.83,BuildingA_Floor2,TypeA
1007,2025-04-06 11:15:42,24.87,76.58,BuildingA_Floor2,TypeC
1016,2025-04-05 17:52:16,18.74,75.97,BuildingB_Floor2,TypeA
1043,2025-04-09 03:36:41,29.43,49.1,BuildingB_Floor2,TypeC
1056,2025-04-06 15:03:29,18.68,41.69,BuildingA_Floor1,TypeA
1090,2025-04-09 14:16:18,31.58,46.84,BuildingB_Floor2,TypeC
1099,2025-04-09 05:21:07,33.59,32.64,BuildingA_Floor1,TypeA
1054,2025-04-05 17:54:04,32.94,51.14,BuildingA_Floor2,TypeC
1047,2025-04-10 08:39:31,25.96,40.96,BuildingA_Floor2,TypeC
1016,2025-04-06 21:58:08,27.94,47.69,BuildingB_Floor1,TypeC
1071,2025-04-08 09:59:51,15.06,52.95,BuildingB_Floor1,TypeA
1042,2025-04-07 23:43:05,21.98,78.26,BuildingA_Floor1,TypeC
1003,2025-04-08 17:49:38,29.42,30.68,BuildingA_Floor1,TypeA
1011,2025-04-09 11:04:44,24.26,36.5,BuildingB_Floor1,TypeC
1100,2025-04-08 08:49:28,19.88,67.77,BuildingB_Floor2,TypeA
1001,2025-04-08 05:28:05,25.67,42.75,BuildingB_Floor1,TypeB
1091,2025-04-10 12:46:06,25.48,67.47,BuildingA_Floor1,TypeC
1094,2025-04-05 20:28:31,29.85,33.05,BuildingA_Floor1,TypeB
1097,2025-04-08 12:42:07,33.26,65.17,BuildingB_Floor2,TypeB
1070,2025-04-07 09:54:13,19.05,73.94,BuildingB_Floor2,TypeC
1000,2025-04-10 09:03:18,34.76,77.68,BuildingB_Floor1,TypeB
1040,2025-04-08 07:45:33,22.26,53.8,BuildingB_Floor2,TypeB
1033,2025-04-09 14:20:55,34.84,53.68,BuildingA_Floor1,TypeA
1010,2025-04-08 23:55:29,19.89,72.27,BuildingA_Floor1,TypeB
1091,2025-04-06 05:55:07,17.27,72.19,BuildingB_Floor1,TypeA
1049,2025-04-09 07:42:44,27.91,59.87,BuildingB_Floor2,TypeA
1082,2025-04-07 03:21:16,24.69,45.96,BuildingB_Floor2,TypeC
1053,2025-04-08 06:27:09,24.17,79.45,BuildingB_Floor2,TypeB
1049,2025-04-09 21:04:00,16.84,42.76,BuildingA_Floor2,TypeB
1023,2025-04-09 18:14:29,19.61,50.86,BuildingA_Floor2,TypeB
1085,2025-04-10 10:38:25,21.19,70.38,BuildingB_Floor2,TypeC
1048,2025-04-06 11:00:44,23.44,45.47,BuildingA_Floor2,TypeB
1018,2025-04-08 18:52:37,28.51,42.71,BuildingA_Floor2,TypeC
1051,2025-04-08 15:56:39,19.91,46.61,BuildingA_Floor2,TypeC
1011,2025-04-10 14:21:16,31.62,33.6,BuildingA_Floor1,TypeB
1077,2025-04-08 04:48:18,19.51,37.85,BuildingB_Floor2,TypeC
1097,2025-04-08 08:52:22,33.52,42.55,BuildingA_Floor1,TypeB
1037,2025-04-10 06:38:12,17.98,35.08,BuildingA_Floor2,TypeB
1100,2025-04-09 06:23:33,21.81,38.45,BuildingA_Floor2,TypeB
1019,2025-04-06 05:23:59,19.86,75.89,BuildingB_Floor2,TypeC
1037,2025-04-06 17:01:25,15.92,34.8,BuildingA_Floor2,TypeC
1066,2025-04-10 11:29:01,31.82,59.02,BuildingA_Floor2,TypeB
1035,2025-04-05 21:32:14,33.79,46.47,BuildingB_Floor1,TypeC
1068,2025-04-07 00:50:13,25.27,79.89,BuildingB_Floor1,TypeC
1010,2025-04-08 13:41:39,32.6,59.89,BuildingA_Floor1,TypeA
1075,2025-04-09 12:37:38,21.36,68.47,BuildingA_Floor2,TypeC
1000,2025-04-09 15:34:25,31.18,59.89,BuildingA_Floor2,TypeB
1036,2025-04-09 16:30:36,20.55,52.47,BuildingA_Floor2,TypeA
1073,2025-04-10 07:16:02,21.36,58.32,BuildingA_Floor1,TypeB
1000,2025-04-09 11:09:51,27.42,32.83,BuildingB_Floor2,TypeB
1054,2025-04-07 10:07:01,21.84,61.02,BuildingB_Floor1,TypeC
1079,2025-04-07 06:07:26,27.97,51.8,BuildingA_Floor2,TypeB
1061,2025-04-08 15:22:12,33.65,77.47,BuildingB_Floor1,TypeB
1043,2025-04-07 21:27:30,16.43,62.97,BuildingA_Floor2,TypeC
1002,2025-04-09 21:01:27,19.73,51.11,BuildingB_Floor2,TypeA
1070,2025-04-06 10:36:36,21.18,36.51,BuildingA_Floor1,TypeA
1095,2025-04-09 20:48:00,22.94,75.89,BuildingA_Floor1,TypeA
1035,2025-04-10 10:02:59,32.71,47.9,BuildingB_Floor1,TypeC
1043,2025-04-07 14:58:44,19.92,46.36,BuildingB_Floor1,TypeC
1072,2025-04-07 16:03:47,30.77,41.12,BuildingA_Floor1,TypeB
1093,2025-04-09 22:54:12,27.68,51.44,BuildingB_Floor2,TypeB
1095,2025-04-06 02:20:30,34.11,37.64,BuildingA_Floor2,TypeB
1019,2025-04-09 05:42:25,29.14,49.83,BuildingA_Floor1,TypeB
1025,2025-04-08 22:21:49,18.97,46.79,BuildingA_Floor2,TypeC
1065,2025-04-10 08:17:02,32.65,43.83,BuildingA_Floor1,TypeB
1011,2025-04-07 03:13:25,19.0,46.89,BuildingA_Floor2,TypeC
1095,2025-04-07 17:37:40,28.4,68.44,BuildingB_Floor2,TypeA
1020,2025-04-10 13:52:05,19.86,73.88,BuildingB_Floor1,TypeC
1080,2025-04-08 20:05:58,17.95,69.65,BuildingA_Floor2,TypeB
1012,2025-04-07 10:32:00,17.95,65.88,BuildingA_Floor2,TypeB
1050,2025-04-09 15:21:15,17.66,40.88,BuildingB_Floor2,TypeA
1060,2025-04-08 15:28:01,20.0,44.03,BuildingA_Floor1,TypeA
1038,2025-04-06 06:31:28,28.77,73.07,BuildingB_Floor2,TypeC
1083,2025-04-10 13:31:47,21.23,38.47,BuildingA_Floor2,TypeB
1026,2025-04-06 07:47:52,30.77,74.3,BuildingA_Floor2,TypeA
1072,2025-04-09 19:15:05,15.98,71.13,BuildingB_Floor2,TypeB
1043,2025-04-06 22:11:24,26.9,61.17,BuildingB_Floor1,TypeA
1032,2025-04-09 04:52:18,16.95,30.81,BuildingA_Floor1,TypeA
1034,2025-04-08 02:16:09,27.48,75.94,BuildingB_Floor2,TypeA
1007,2025-04-09 14:37:23,33.31,42.25,BuildingA_Floor1,TypeA
1041,2025-04-08 09:58:08,23.26,40.51,BuildingB_Floor1,TypeA
1055,2025-04-05 19:46:26,15.32,49.54,BuildingA_Floor1,TypeA
1053,2025-04-07 05:43:19,34.32,36.82,BuildingB_Floor1,TypeA
1023,2025-04-10 07:19:09,17.81,44.94,BuildingA_Floor2,TypeC
1048,2025-04-09 15:29:10,15.17,78.62,BuildingA_Floor1,TypeA
1054,2025-04-07 06:12:14,23.33,66.48,BuildingB_Floor2,TypeA
1062,2025-04-06 07:15:07,21.41,64.67,BuildingA_Floor1,TypeB
1100,2025-04-06 06:35:05,24.0,65.97,BuildingB_Floor1,TypeC
1056,2025-04-08 16:30:20,24.59,33.81,BuildingA_Floor2,TypeC
1064,2025-04-09 13:49:03,25.13,60.01,BuildingA_Floor2,TypeB
1000,2025-04-09 02:03:14,32.38,33.58,BuildingA_Floor1,TypeC
1008,2025-04-09 07:32:00,30.7,34.58,BuildingA_Floor2,TypeC
1003,2025-04-10 05:31:41,33.02,60.4,BuildingA_Floor2,TypeB
1013,2025-04-09 05:10:39,28.85,51.18,BuildingA_Floor1,TypeA
1031,2025-04-07 07:49:00,19.22,57.55,BuildingA_Floor2,TypeC
1067,2025-04-10 08:29:39,21.66,58.99,BuildingB_Floor2,TypeA
1056,2025-04-07 20:28:54,20.75,67.02,BuildingB_Floor2,TypeA
1076,2025-04-05 22:13:45,21.81,66.8,BuildingB_Floor1,TypeC
1002,2025-04-08 15:01:29,20.87,32.88,BuildingA_Floor1,TypeA
1041,2025-04-09 03:57:51,26.7,42.31,BuildingA_Floor1,TypeB
1090,2025-04-06 10:54:09,32.46,54.44,BuildingB_Floor1,TypeC
1043,2025-04-09 12:08:52,33.47,68.6,BuildingB_Floor1,TypeA
1062,2025-04-09 08:32:47,15.21,70.92,BuildingB_Floor1,TypeA
1044,2025-04-10 14:24:53,33.9,71.01,BuildingA_Floor1,TypeC
1033,2025-04-08 22:09:46,28.28,52.77,BuildingA_Floor2,TypeC
1017,2025-04-05 17:20:46,30.04,73.29,BuildingA_Floor1,TypeC
1045,2025-04-09 11:37:42,21.71,62.34,BuildingB_Floor1,TypeA
1071,2025-04-07 07:56:30,29.35,35.0,BuildingA_Floor2,TypeA
1039,2025-04-10 01:44:02,21.81,63.86,BuildingB_Floor2,TypeA
1079,2025-04-09 09:07:06,23.02,58.56,BuildingB_Floor1,TypeA
1098,2025-04-07 05:48:16,16.4,49.16,BuildingA_Floor2,TypeC
1054,2025-04-06 11:06:01,17.18,50.05,BuildingB_Floor2,TypeA
1015,2025-04-08 03:20:38,21.37,63.1,BuildingA_Floor2,TypeA
1037,2025-04-05 15:57:42,19.54,71.18,BuildingB_Floor2,TypeC
1063,2025-04-08 09:02:59,26.81,75.78,BuildingA_Floor1,TypeC
1003,2025-04-07 05:19:40,28.55,37.93,BuildingB_Floor2,TypeC
1056,2025-04-08 22:06:42,25.08,52.16,BuildingB_Floor2,TypeB
1001,2025-04-10 05:45:23,21.63,79.26,BuildingB_Floor1,TypeA
1036,2025-04-07 03:19:47,27.43,65.7,BuildingA_Floor1,TypeC
1026,2025-04-08 00:53:57,24.34,30.88,BuildingA_Floor1,TypeA
1048,2025-04-09 19:20:49,28.85,51.93,BuildingA_Floor1,TypeA
1001,2025-04-10 05:57:17,28.76,41.75,BuildingB_Floor1,TypeB
1079,2025-04-06 18:02:57,16.86,54.62,BuildingA_Floor1,TypeB
1029,2025-04-06 20:25:17,19.87,61.47,BuildingA_Floor2,TypeA
1070,2025-04-08 00:51:34,28.38,37.82,BuildingB_Floor1,TypeB
1093,2025-04-07 07:02:09,26.43,49.68,BuildingA_Floor1,TypeC
1017,2025-04-06 09:32:56,32.81,50.0,BuildingA_Floor1,TypeB
1002,2025-04-08 22:38:50,31.59,78.61,BuildingA_Floor2,TypeB
1067,2025-04-07 05:15:32,30.89,75.26,BuildingA_Floor2,TypeC
1066,2025-04-08 16:36:33,16.22,32.53,BuildingB_Floor2,TypeA
1056,2025-04-05 18:14:05,24.05,58.96,BuildingA_Floor2,TypeA
1066,2025-04-07 16:52:40,29.52,55.44,BuildingB_Floor2,TypeC
1090,2025-04-08 17:07:03,31.25,65.48,BuildingB_Floor1,TypeC
1048,2025-04-10 07:37:27,34.52,33.5,BuildingB_Floor2,TypeC
1091,2025-04-09 12:03:25,24.53,38.45,BuildingA_Floor1,TypeC
1082,2025-04-09 23:43:46,30.98,38.03,BuildingA_Floor1,TypeB
1075,2025-04-08 17:04:33,22.94,33.73,BuildingA_Floor2,TypeA
1007,2025-04-09 02:18:26,18.37,39.62,BuildingB_Floor1,TypeC
1041,2025-04-05 20:53:28,29.03,54.62,BuildingB_Floor2,TypeA
1079,2025-04-09 07:12:24,25.59,70.41,BuildingA_Floor2,TypeB
1018,2025-04-06 15:09:19,23.89,38.18,BuildingB_Floor2,TypeA
1082,2025-04-07 07:45:36,15.05,78.6,BuildingB_Floor1,TypeB
1085,2025-04-07 21:29:05,20.79,78.43,BuildingB_Floor2,TypeC
1057,2025-04-07 23:24:18,19.89,44.61,BuildingB_Floor1,TypeB
1006,2025-04-08 13:49:48,28.62,77.97,BuildingA_Floor1,TypeC
1016,2025-04-10 14:06:33,19.44,75.0,BuildingB_Floor1,TypeA
1013,2025-04-08 22:40:45,33.93,38.02,BuildingB_Floor2,TypeA
1013,2025-04-08 16:25:49,15.2,52.05,BuildingB_Floor2,TypeC
1097,2025-04-08 03:14:54,33.25,77.91,BuildingA_Floor2,TypeC
1090,2025-04-05 17:09:46,31.01,79.42,BuildingA_Floor1,TypeC
1037,2025-04-07 00:16:18,20.77,60.13,BuildingA_Floor2,TypeA
1077,2025-04-09 16:20:15,30.81,60.84,BuildingB_Floor2,TypeC
1012,2025-04-07 22:35:41,27.95,69.93,BuildingB_Floor1,TypeB
1058,2025-04-05 15:44:45,16.27,58.57,BuildingA_Floor1,TypeB
1084,2025-04-09 01:39:03,18.46,74.87,BuildingA_Floor1,TypeA
1073,2025-04-06 05:53:47,19.01,39.34,BuildingB_Floor2,TypeB
1024,2025-04-08 18:37:17,30.81,66.79,BuildingA_Floor1,TypeA
1006,2025-04-08 15:41:58,28.18,58.33,BuildingA_Floor1,TypeC
1037,2025-04-06 15:44:05,22.37,57.89,BuildingB_Floor2,TypeA
1022,2025-04-06 07:08:26,29.29,52.98,BuildingB_Floor2,TypeB
1087,2025-04-08 12:19:23,24.66,46.24,BuildingA_Floor2,TypeA
1087,2025-04-05 18:57:15,34.6,77.19,BuildingA_Floor1,TypeA
1022,2025-04-08 07:08:45,26.15,63.24,BuildingB_Floor2,TypeC
1032,2025-04-09 10:26:57,26.57,58.37,BuildingB_Floor1,TypeB
1001,2025-04-06 02:23:46,24.39,59.94,BuildingA_Floor1,TypeB
1061,2025-04-07 09:52:31,15.62,45.87,BuildingA_Floor1,TypeB
1086,2025-04-05 21:23:20,23.06,44.14,BuildingB_Floor1,TypeB
1002,2025-04-07 00:52:40,34.41,54.87,BuildingB_Floor1,TypeA
1048,2025-04-07 04:40:30,21.56,79.02,BuildingB_Floor2,TypeA
1088,2025-04-10 12:04:00,22.5,76.83,BuildingA_Floor1,TypeA
1100,2025-04-06 06:27:04,31.26,74.97,BuildingB_Floor2,TypeB
1041,2025-04-09 20:43:37,34.88,79.67,BuildingA_Floor1,TypeC
1091,2025-04-09 08:15:03,32.1,32.08,BuildingA_Floor1,TypeA
1024,2025-04-09 11:27:41,18.04,71.36,BuildingA_Floor2,TypeC
1076,2025-04-08 04:27:35,24.59,54.96,BuildingA_Floor1,TypeC
1085,2025-04-07 23:05:46,22.81,58.61,BuildingA_Floor2,TypeA
1053,2025-04-08 00:27:55,15.79,57.19,BuildingB_Floor2,TypeC
1007,2025-04-07 03:56:42,18.51,31.39,BuildingB_Floor2,TypeB
1062,2025-04-09 06:27:16,33.37,50.82,BuildingA_Floor1,TypeB
1068,2025-04-06 00:50:16,20.68,39.26,BuildingB_Floor1,TypeA
1015,2025-04-09 16:33:42,20.11,56.34,BuildingA_Floor2,TypeA
1089,2025-04-09 10:58:46,16.24,42.83,BuildingA_Floor2,TypeC
1002,2025-04-06 22:09:48,25.64,69.75,BuildingB_Floor2,TypeA
1017,2025-04-09 06:56:09,25.4,67.59,BuildingA_Floor2,TypeB
1056,2025-04-08 09:47:25,28.95,69.6,BuildingB_Floor2,TypeC
1002,2025-04-07 14:35:25,28.38,69.71,BuildingB_Floor2,TypeB
1028,2025-04-08 03:11:22,31.07,56.35,BuildingA_Floor2,TypeC
1019,2025-04-09 11:17:44,21.31,41.45,BuildingB_Floor2,TypeC
1042,2025-04-09 07:08:10,23.75,31.35,BuildingB_Floor1,TypeC
1096,2025-04-06 22:16:57,29.75,57.03,BuildingB_Floor1,TypeA
1006,2025-04-08 05:34:54,24.51,48.18,BuildingA_Floor1,TypeB
1085,2025-04-05 22:25:07,32.27,69.1,BuildingB_Floor1,TypeC
1027,2025-04-05 21:26:14,27.78,54.45,BuildingA_Floor2,TypeB
1045,2025-04-08 13:44:14,33.54,53.89,BuildingB_Floor2,TypeC
1067,2025-04-07 14:58:59,29.56,53.86,BuildingB_Floor2,TypeA
1015,2025-04-05 16:58:35,18.43,35.1,BuildingB_Floor1,TypeB
1002,2025-04-06 00:27:04,23.68,60.19,BuildingA_Floor2,TypeC
1064,2025-04-06 14:12:27,32.75,33.53,BuildingB_Floor2,TypeB
1077,2025-04-07 02:25:26,16.33,71.87,BuildingA_Floor2,TypeA
1037,2025-04-07 01:41:55,30.54,68.25,BuildingB_Floor2,TypeA
1039,2025-04-06 22:52:26,18.39,52.51,BuildingA_Floor1,TypeA
1073,2025-04-09 11:15:07,25.97,52.42,BuildingA_Floor1,TypeA
1051,2025-04-09 01:02:50,31.93,41.29,BuildingA_Floor2,TypeC
1007,2025-04-09 00:23:34,26.43,30.75,BuildingA_Floor2,TypeA
1012,2025-04-08 01:57:20,26.47,50.1,BuildingB_Floor2,TypeC
1063,2025-04-08 19:12:26,17.21,70.48,BuildingA_Floor1,TypeA
1015,2025-04-08 02:08:03,15.91,41.05,BuildingA_Floor2,TypeC
1008,2025-04-05 17:15:47,22.71,73.53,BuildingA_Floor1,TypeA
1016,2025-04-08 05:32:52,18.2,67.14,BuildingA_Floor2,TypeA
1087,2025-04-08 19:42:28,31.5,74.02,BuildingB_Floor2,TypeA
1017,2025-04-06 03:43:00,27.85,74.56,BuildingB_Floor2,TypeC
1075,2025-04-07 10:48:52,21.01,77.39,BuildingB_Floor2,TypeB
1033,2025-04-10 02:02:16,27.49,59.62,BuildingB_Floor2,TypeA
1026,2025-04-07 20:35:49,33.31,75.43,BuildingA_Floor1,TypeA
1006,2025-04-06 05:04:52,29.02,37.76,BuildingA_Floor2,TypeA
1061,2025-04-07 15:47:37,34.71,71.16,BuildingB_Floor2,TypeA
1096,2025-04-09 08:53:10,26.94,44.08,BuildingB_Floor1,TypeC
1036,2025-04-10 07:29:46,15.5,51.46,BuildingB_Floor1,TypeC
1080,2025-04-10 02:30:37,15.34,34.69,BuildingB_Floor1,TypeA
1091,2025-04-08 13:40:32,29.96,42.12,BuildingB_Floor2,TypeC
1075,2025-04-07 19:23:03,22.87,73.47,BuildingA_Floor1,TypeA
1023,2025-04-10 03:39:43,34.99,38.66,BuildingA_Floor2,TypeA
1056,2025-04-06 07:18:14,22.11,34.64,BuildingA_Floor2,TypeB
1086,2025-04-08 19:16:15,16.12,50.85,BuildingA_Floor2,TypeC
1081,2025-04-06 11:37:47,28.73,76.7,BuildingA_Floor2,TypeC
1076,2025-04-07 01:30:47,33.07,40.77,BuildingA_Floor2,TypeA
1040,2025-04-10 02:34:32,25.14,31.71,BuildingB_Floor2,TypeA
1098,2025-04-08 20:37:41,23.09,52.92,BuildingB_Floor1,TypeB
1007,2025-04-09 19:54:14,32.53,40.0,BuildingA_Floor1,TypeB
1042,2025-04-08 03:21:05,18.53,63.52,BuildingB_Floor1,TypeC
1090,2025-04-08 11:37:38,17.56,44.69,BuildingA_Floor1,TypeC
1016,2025-04-09 17:58:26,20.32,69.34,BuildingA_Floor1,TypeB
1087,2025-04-10 03:13:02,20.27,45.83,BuildingB_Floor2,TypeC
1059,2025-04-09 13:28:43,34.46,66.44,BuildingB_Floor1,TypeC
1099,2025-04-10 11:33:54,25.36,38.75,BuildingA_Floor2,TypeB
1058,2025-04-05 20:51:35,21.48,44.01,BuildingB_Floor2,TypeA
1064,2025-04-07 11:18:59,28.63,68.48,BuildingA_Floor2,TypeB
1023,2025-04-07 18:58:09,17.11,78.72,BuildingA_Floor2,TypeB
1075,2025-04-07 01:51:59,27.78,53.7,BuildingA_Floor1,TypeC
1031,2025-04-09 05:21:51,22.61,61.89,BuildingB_Floor2,TypeA
1024,2025-04-07 17:46:40,30.11,37.28,BuildingB_Floor1,TypeA
1075,2025-04-07 23:48:34,31.21,56.05,BuildingB_Floor2,TypeB
1095,2025-04-09 18:35:11,15.64,31.44,BuildingA_Floor2,TypeA
1009,2025-04-09 22:43:37,25.15,52.41,BuildingA_Floor1,TypeC
1078,2025-04-07 20:35:42,15.35,72.21,BuildingA_Floor2,TypeA
1074,2025-04-07 14:52:10,18.54,38.82,BuildingB_Floor2,TypeA
1063,2025-04-09 13:57:35,19.63,34.3,BuildingB_Floor2,TypeB
1058,2025-04-06 21:45:03,24.11,74.17,BuildingB_Floor2,TypeC
1008,2025-04-08 14:58:53,24.31,31.62,BuildingA_Floor1,TypeA
1093,2025-04-08 13:55:10,21.47,38.96,BuildingA_Floor2,TypeB
1023,2025-04-08 21:06:12,16.03,42.24,BuildingB_Floor1,TypeB
1095,2025-04-07 13:51:00,20.51,43.1,BuildingB_Floor1,TypeC
1082,2025-04-10 13:52:37,24.62,59.85,BuildingA_Floor1,TypeC
1035,2025-04-08 14:45:26,15.9,38.28,BuildingA_Floor2,TypeC
1078,2025-04-07 16:00:33,15.34,36.09,BuildingA_Floor2,TypeB
1074,2025-04-10 03:56:31,28.96,79.93,BuildingA_Floor2,TypeB
1094,2025-04-07 05:44:24,23.75,51.68,BuildingA_Floor1,TypeB
1087,2025-04-10 11:17:38,31.66,30.16,BuildingB_Floor2,TypeC
1073,2025-04-06 12:49:24,25.4,46.98,BuildingB_Floor2,TypeB
1038,2025-04-07 01:53:51,21.3,34.74,BuildingA_Floor2,TypeB
1047,2025-04-10 00:27:49,24.8,64.02,BuildingA_Floor1,TypeA
1036,2025-04-07 18:19:30,17.02,75.11,BuildingA_Floor2,TypeC
1069,2025-04-08 03:54:30,27.83,36.36,BuildingB_Floor2,TypeA
1046,2025-04-07 21:04:56,27.09,43.75,BuildingB_Floor2,TypeC
1030,2025-04-08 23:43:15,20.0,69.69,BuildingA_Floor2,TypeB
1024,2025-04-07 15:16:57,16.59,60.41,BuildingA_Floor2,TypeB
1062,2025-04-05 23:00:58,21.91,31.95,BuildingB_Floor2,TypeA
1005,2025-04-08 09:19:13,15.64,58.98,BuildingA_Floor2,TypeC
1081,2025-04-06 07:12:34,20.38,44.7,BuildingA_Floor2,TypeB
1044,2025-04-09 03:28:02,33.38,56.77,BuildingA_Floor2,TypeA
1002,2025-04-08 19:35:31,18.99,30.17,BuildingB_Floor1,TypeC
1007,2025-04-05 15:41:57,29.98,35.98,BuildingB_Floor1,TypeC
1012,2025-04-09 17:25:00,22.37,79.41,BuildingB_Floor1,TypeB
1060,2025-04-10 06:05:25,26.51,35.14,BuildingB_Floor2,TypeC
1095,2025-04-08 03:16:21,27.09,31.56,BuildingB_Floor2,TypeA
1082,2025-04-07 20:12:10,20.34,59.44,BuildingA_Floor2,TypeA
1031,2025-04-09 16:38:56,21.65,47.78,BuildingA_Floor2,TypeC
1074,2025-04-05 15:17:42,31.54,58.91,BuildingB_Floor2,TypeB
1030,2025-04-08 21:49:39,21.17,61.04,BuildingB_Floor2,TypeC
1077,2025-04-07 06:38:32,15.53,40.62,BuildingB_Floor2,TypeB
1030,2025-04-06 10:55:06,29.01,59.94,BuildingA_Floor2,TypeA
1080,2025-04-10 08:54:46,23.38,69.02,BuildingA_Floor2,TypeA
1034,2025-04-07 11:26:47,24.33,57.92,BuildingB_Floor2,TypeC
1075,2025-04-07 02:55:59,29.97,70.57,BuildingA_Floor1,TypeB
1027,2025-04-06 05:36:14,30.66,59.26,BuildingB_Floor2,TypeC
1006,2025-04-08 13:00:41,30.57,49.56,BuildingB_Floor1,TypeA
1020,2025-04-07 18:59:34,27.19,66.9,BuildingA_Floor2,TypeC
1011,2025-04-10 04:38:54,16.88,38.94,BuildingB_Floor1,TypeC
1044,2025-04-10 03:04:01,24.88,73.21,BuildingA_Floor2,TypeA
1091,2025-04-10 01:56:01,17.57,54.43,BuildingB_Floor2,TypeC
1087,2025-04-10 11:34:20,16.28,61.44,BuildingA_Floor1,TypeB
1063,2025-04-10 01:09:41,26.72,67.42,BuildingA_Floor2,TypeC
1011,2025-04-06 04:32:21,21.66,50.44,BuildingA_Floor2,TypeA
1089,2025-04-06 13:13:26,23.6,45.19,BuildingA_Floor1,TypeB
1068,2025-04-06 01:20:11,33.79,57.57,BuildingA_Floor2,TypeA
1063,2025-04-07 16:30:07,17.54,30.75,BuildingB_Floor1,TypeC
1067,2025-04-05 20:10:36,28.25,39.57,BuildingB_Floor2,TypeB
1069,2025-04-06 15:12:14,17.24,35.56,BuildingB_Floor2,TypeC
1024,2025-04-09 22:37:06,15.47,67.01,BuildingB_Floor1,TypeC
1056,2025-04-08 20:47:23,29.18,74.48,BuildingA_Floor2,TypeC
1065,2025-04-07 18:24:42,33.75,68.23,BuildingA_Floor2,TypeA
1062,2025-04-09 08:59:24,24.66,52.06,BuildingB_Floor2,TypeB
1038,2025-04-10 08:35:50,19.35,32.96,BuildingB_Floor1,TypeA
1028,2025-04-09 22:43:50,33.61,62.45,BuildingA_Floor2,TypeB
1057,2025-04-10 09:10:01,20.87,59.77,BuildingA_Floor2,TypeA
1018,2025-04-06 13:53:14,30.27,52.53,BuildingA_Floor1,TypeC
1037,2025-04-06 21:50:21,27.79,69.16,BuildingA_Floor2,TypeC
1025,2025-04-06 15:25:50,27.92,76.39,BuildingB_Floor2,TypeB
1068,2025-04-08 15:12:57,24.53,32.21,BuildingB_Floor1,TypeA
1007,2025-04-07 17:49:46,33.68,30.54,BuildingB_Floor1,TypeB
1079,2025-04-06 22:50:13,21.82,62.91,BuildingB_Floor2,TypeA
1046,2025-04-09 11:50:53,22.61,41.83,BuildingA_Floor1,TypeB
1056,2025-04-05 19:12:13,27.06,38.97,BuildingA_Floor1,TypeA
1054,2025-04-09 00:40:21,34.8,44.12,BuildingB_Floor1,TypeB
1085,2025-04-05 20:28:09,24.61,68.4,BuildingA_Floor2,TypeA
1006,2025-04-09 18:44:30,29.33,31.29,BuildingB_Floor1,TypeC
1038,2025-04-09 09:52:00,16.97,64.63,BuildingB_Floor2,TypeB
1048,2025-04-06 15:08:11,33.72,69.76,BuildingA_Floor2,TypeA
1049,2025-04-08 14:37:04,17.33,79.05,BuildingB_Floor1,TypeC
1009,2025-04-07 19:32:52,21.49,70.49,BuildingA_Floor2,TypeA
1095,2025-04-09 02:28:38,22.44,62.64,BuildingB_Floor2,TypeA
1088,2025-04-08 09:50:22,26.57,62.02,BuildingB_Floor1,TypeB
1087,2025-04-06 23:31:28,34.71,36.09,BuildingA_Floor1,TypeB
1014,2025-04-09 12:12:56,27.5,69.74,BuildingB_Floor2,TypeB
1013,2025-04-09 08:09:14,32.59,54.32,BuildingA_Floor2,TypeA
1081,2025-04-07 17:30:18,20.4,61.51,BuildingB_Floor2,TypeA
1052,2025-04-09 11:26:47,34.54,70.49,BuildingB_Floor1,TypeB
1005,2025-04-06 21:28:09,16.29,72.74,BuildingB_Floor1,TypeA
1061,2025-04-06 21:24:09,33.97,77.39,BuildingB_Floor1,TypeA
1027,2025-04-09 08:18:47,16.26,77.53,BuildingA_Floor2,TypeA
1032,2025-04-05 15:26:57,18.33,45.55,BuildingA_Floor1,TypeB
1019,2025-04-06 22:34:57,28.05,38.77,BuildingA_Floor2,TypeB
1094,2025-04-10 00:54:36,27.67,55.33,BuildingA_Floor1,TypeA
1001,2025-04-05 18:21:49,28.81,70.87,BuildingA_Floor1,TypeC
1066,2025-04-08 08:32:03,17.33,52.46,BuildingB_Floor1,TypeB
1061,2025-04-08 00:09:16,24.44,52.46,BuildingB_Floor1,TypeA
1043,2025-04-09 06:07:02,29.47,32.61,BuildingB_Floor1,TypeB
1002,2025-04-07 06:52:21,16.99,38.63,BuildingB_Floor1,TypeB
1096,2025-04-07 16:38:24,31.66,77.68,BuildingA_Floor1,TypeC
1035,2025-04-09 08:08:31,27.21,75.1,BuildingA_Floor2,TypeB
1028,2025-04-08 19:25:08,28.33,61.45,BuildingB_Floor2,TypeB
1059,2025-04-09 06:09:51,29.05,55.01,BuildingA_Floor1,TypeA
1033,2025-04-09 10:40:08,34.56,70.81,BuildingA_Floor2,TypeA
1006,2025-04-08 19:07:02,28.43,47.45,BuildingA_Floor1,TypeA
1012,2025-04-09 17:15:31,25.84,34.05,BuildingA_Floor2,TypeA
1096,2025-04-10 12:26:31,32.99,36.24,BuildingB_Floor1,TypeB
1073,2025-04-06 23:33:06,34.33,39.13,BuildingA_Floor2,TypeC
1088,2025-04-09 06:57:02,29.95,69.56,BuildingA_Floor1,TypeA
1096,2025-04-06 20:09:43,28.75,30.16,BuildingA_Floor1,TypeB
1001,2025-04-09 22:44:05,24.05,33.13,BuildingA_Floor1,TypeC
1005,2025-04-09 12:11:19,29.77,67.04,BuildingB_Floor2,TypeC
1027,2025-04-05 15:16:50,29.01,76.89,BuildingA_Floor2,TypeC
1031,2025-04-10 11:47:28,26.83,64.72,BuildingA_Floor1,TypeB
1040,2025-04-07 14:08:37,31.29,67.24,BuildingB_Floor1,TypeC
1047,2025-04-07 19:24:26,20.64,34.08,BuildingA_Floor1,TypeC
1017,2025-04-08 23:58:41,28.97,55.88,BuildingA_Floor2,TypeB
1048,2025-04-08 23:54:00,23.64,33.66,BuildingA_Floor2,TypeA
1006,2025-04-06 13:25:34,23.35,40.66,BuildingB_Floor1,TypeA
1010,2025-04-09 02:03:14,22.08,36.97,BuildingA_Floor1,TypeC
1091,2025-04-06 01:17:14,28.52,55.54,BuildingB_Floor2,TypeC
1067,2025-04-07 23:50:12,18.73,78.86,BuildingA_Floor2,TypeA
1100,2025-04-06 16:11:09,22.57,77.0,BuildingA_Floor2,TypeC
1005,2025-04-08 04:49:58,28.73,42.22,BuildingA_Floor2,TypeC
1047,2025-04-09 02:13:48,15.14,45.85,BuildingB_Floor2,TypeC
1028,2025-04-05 22:37:44,30.07,77.81,BuildingB_Floor1,TypeC
1013,2025-04-05 22:29:21,24.48,55.06,BuildingB_Floor2,TypeB
1020,2025-04-08 08:15:23,20.79,75.81,BuildingA_Floor2,TypeC
1006,2025-04-09 19:01:49,30.36,72.99,BuildingB_Floor1,TypeB
1070,2025-04-06 08:51:38,28.26,51.84,BuildingA_Floor2,TypeC
1051,2025-04-08 17:45:28,30.07,66.73,BuildingA_Floor2,TypeC
1097,2025-04-09 23:48:56,21.56,54.34,BuildingA_Floor1,TypeB
1046,2025-04-06 21:13:59,20.39,54.07,BuildingA_Floor2,TypeB
1092,2025-04-06 07:11:48,31.25,40.29,BuildingB_Floor2,TypeB
1009,2025-04-07 11:24:35,17.65,35.62,BuildingB_Floor1,TypeA
1068,2025-04-09 22:36:05,20.46,72.13,BuildingB_Floor1,TypeA
1096,2025-04-07 00:31:45,18.61,52.25,BuildingB_Floor2,TypeA
1050,2025-04-06 15:58:13,33.94,69.74,BuildingB_Floor1,TypeA
1011,2025-04-07 17:54:26,30.03,54.25,BuildingA_Floor2,TypeC
1086,2025-04-08 11:03:56,25.32,53.2,BuildingA_Floor2,TypeB
1049,2025-04-05 15:07:10,30.42,51.01,BuildingA_Floor1,TypeA
1043,2025-04-06 00:48:10,31.2,37.32,BuildingB_Floor1,TypeA
1099,2025-04-06 15:20:20,18.99,62.66,BuildingA_Floor2,TypeC
1092,2025-04-05 18:57:21,28.52,78.72,BuildingA_Floor2,TypeB
1031,2025-04-06 16:29:24,26.3,70.44,BuildingA_Floor2,TypeC
1018,2025-04-05 21:43:56,32.65,36.35,BuildingB_Floor1,TypeA
1023,2025-04-07 03:56:02,24.03,51.2,BuildingA_Floor1,TypeB
1030,2025-04-09 12:18:27,24.03,34.27,BuildingB_Floor2,TypeB
1039,2025-04-09 08:29:31,16.45,46.12,BuildingA_Floor1,TypeA
1078,2025-04-07 23:59:06,32.2,50.68,BuildingB_Floor1,TypeA
1039,2025-04-08 14:10:21,31.79,43.67,BuildingA_Floor1,TypeB
1044,2025-04-09 09:22:25,26.03,41.82,BuildingA_Floor2,TypeC
1071,2025-04-06 06:15:00,18.46,63.0,BuildingA_Floor2,TypeB
1094,2025-04-09 11:25:11,23.39,67.36,BuildingA_Floor2,TypeB
1094,2025-04-09 05:08:14,22.49,42.61,BuildingA_Floor2,TypeC
1047,2025-04-07 12:38:34,34.69,78.49,BuildingB_Floor2,TypeB
1008,2025-04-09 22:06:48,34.03,67.53,BuildingB_Floor1,TypeC
1029,2025-04-06 11:56:07,20.8,70.51,BuildingB_Floor1,TypeC
1010,2025-04-09 03:15:02,15.3,30.71,BuildingB_Floor2,TypeA
1044,2025-04-07 01:43:46,17.32,33.79,BuildingA_Floor1,TypeC
1020,2025-04-08 13:13:26,23.66,67.7,BuildingB_Floor1,TypeA
1074,2025-04-07 11:59:10,17.38,48.48,BuildingB_Floor2,TypeC
1062,2025-04-07 08:37:07,17.88,37.72,BuildingB_Floor2,TypeA
1080,2025-04-08 23:28:07,18.6,33.26,BuildingA_Floor2,TypeA
1000,2025-04-06 08:52:59,27.07,52.51,BuildingB_Floor1,TypeB
1100,2025-04-06 05:55:59,17.29,55.32,BuildingA_Floor2,TypeB
1050,2025-04-09 18:41:02,19.84,42.91,BuildingA_Floor1,TypeC
1010,2025-04-10 09:13:35,29.13,72.07,BuildingA_Floor1,TypeC
1083,2025-04-07 06:18:53,26.1,53.5,BuildingB_Floor2,TypeA
1069,2025-04-07 08:38:09,19.69,62.38,BuildingA_Floor1,TypeB
1045,2025-04-06 20:07:23,27.72,79.09,BuildingA_Floor2,TypeC
1011,2025-04-06 14:01:46,22.14,74.26,BuildingB_Floor1,TypeB
1037,2025-04-09 11:57:20,15.97,55.08,BuildingA_Floor1,TypeA
1086,2025-04-10 14:07:11,25.57,63.25,BuildingA_Floor1,TypeC
1019,2025-04-07 16:26:51,16.96,45.99,BuildingA_Floor1,TypeB
1024,2025-04-07 07:59:05,32.2,70.11,BuildingA_Floor1,TypeB
1077,2025-04-07 10:10:00,34.19,55.06,BuildingA_Floor1,TypeA
1091,2025-04-07 11:56:42,17.53,64.56,BuildingA_Floor1,TypeA
1025,2025-04-06 12:56:29,26.05,68.08,BuildingA_Floor1,TypeB
1063,2025-04-06 11:44:48,16.33,54.83,BuildingB_Floor2,TypeB
1026,2025-04-09 05:52:50,19.42,75.26,BuildingA_Floor1,TypeB
1023,2025-04-07 23:47:59,25.78,72.57,BuildingB_Floor1,TypeA
1014,2025-04-08 15:48:11,27.87,63.04,BuildingB_Floor1,TypeA
1055,2025-04-08 01:40:13,21.22,62.68,BuildingB_Floor2,TypeC
1039,2025-04-08 05:29:16,20.52,62.53,BuildingA_Floor1,TypeB
1063,2025-04-07 07:35:55,31.45,30.63,BuildingA_Floor2,TypeA
1072,2025-04-08 17:28:34,32.41,36.44,BuildingA_Floor2,TypeB
1067,2025-04-07 23:58:26,34.07,40.15,BuildingA_Floor1,TypeA
1098,2025-04-06 07:39:31,33.77,42.17,BuildingA_Floor2,TypeB
1086,2025-04-07 16:09:11,22.59,62.18,BuildingB_Floor1,TypeC
1054,2025-04-09 00:10:26,25.03,44.32,BuildingA_Floor1,TypeA
1077,2025-04-09 17:17:28,17.84,39.88,BuildingB_Floor2,TypeC
1057,2025-04-09 03:57:31,25.2,43.91,BuildingA_Floor2,TypeA
1034,2025-04-06 10:31:55,25.42,69.65,BuildingA_Floor2,TypeA
1033,2025-04-07 20:23:51,33.57,79.25,BuildingB_Floor2,TypeC
1095,2025-04-08 22:17:38,32.11,52.27,BuildingB_Floor1,TypeB
1045,2025-04-05 18:19:47,26.59,43.89,BuildingB_Floor2,TypeC
1027,2025-04-09 04:57:23,33.66,73.1,BuildingB_Floor1,TypeC
1058,2025-04-09 13:20:57,17.89,70.0,BuildingB_Floor2,TypeA
1072,2025-04-08 13:32:10,22.82,46.84,BuildingA_Floor2,TypeC
1081,2025-04-07 18:52:15,24.95,35.44,BuildingB_Floor2,TypeA
1039,2025-04-10 13:57:12,26.3,74.94,BuildingA_Floor2,TypeA
1032,2025-04-07 07:44:30,31.31,31.84,BuildingB_Floor1,TypeB
1074,2025-04-06 17:00:55,22.11,41.97,BuildingA_Floor2,TypeC
1030,2025-04-06 21:36:00,30.2,59.97,BuildingA_Floor2,TypeB
1081,2025-04-09 02:19:18,27.23,42.06,BuildingB_Floor1,TypeC
1007,2025-04-09 11:05:42,21.24,43.31,BuildingA_Floor1,TypeC
1077,2025-04-05 18:31:27,23.71,41.19,BuildingB_Floor2,TypeB
1000,2025-04-07 02:53:39,31.2,59.01,BuildingB_Floor1,TypeC
1028,2025-04-05 15:37:49,27.4,56.08,BuildingA_Floor2,TypeA
1036,2025-04-06 17:04:37,27.48,36.7,BuildingB_Floor1,TypeC
1054,2025-04-08 13:44:49,21.09,76.28,BuildingA_Floor2,TypeB
1013,2025-04-07 14:08:13,33.26,78.29,BuildingB_Floor2,TypeB
1007,2025-04-08 07:28:51,19.41,34.4,BuildingB_Floor2,TypeB
1081,2025-04-09 20:37:08,31.5,57.79,BuildingA_Floor1,TypeA
1031,2025-04-08 22:34:02,32.06,37.05,BuildingB_Floor1,TypeC
1083,2025-04-05 20:36:47,28.39,30.77,BuildingB_Floor1,TypeB
1047,2025-04-08 01:51:55,16.7,56.6,BuildingA_Floor2,TypeC
1010,2025-04-06 19:43:54,26.46,55.45,BuildingB_Floor2,TypeB
1029,2025-04-05 16:58:44,21.46,38.13,BuildingA_Floor1,TypeC
1024,2025-04-07 16:14:09,18.97,51.89,BuildingA_Floor1,TypeB
1087,2025-04-09 20:02:25,24.52,66.45,BuildingA_Floor2,TypeA
1066,2025-04-10 01:51:35,24.87,42.36,BuildingB_Floor1,TypeC
1000,2025-04-09 00:17:10,30.05,52.27,BuildingA_Floor1,TypeA
1029,2025-04-09 08:04:02,17.47,58.61,BuildingA_Floor1,TypeB
1092,2025-04-08 01:57:17,24.67,58.06,BuildingA_Floor2,TypeB
1093,2025-04-10 11:48:52,15.34,60.37,BuildingB_Floor2,TypeA
1037,2025-04-06 17:31:24,21.01,45.53,BuildingB_Floor2,TypeB
1044,2025-04-07 21:33:07,30.67,51.15,BuildingA_Floor1,TypeC
1005,2025-04-08 21:25:06,17.64,36.03,BuildingB_Floor1,TypeC
1068,2025-04-06 12:53:52,33.52,59.8,BuildingA_Floor2,TypeB
1024,2025-04-07 19:46:02,25.9,75.09,BuildingA_Floor1,TypeC
1099,2025-04-08 01:54:35,27.94,74.92,BuildingA_Floor2,TypeA
1068,2025-04-08 00:48:57,25.46,59.42,BuildingB_Floor1,TypeB
1079,2025-04-07 02:36:05,25.43,55.44,BuildingB_Floor1,TypeC
1092,2025-04-09 12:53:14,23.75,52.52,BuildingA_Floor1,TypeB
1003,2025-04-06 05:54:25,29.58,46.05,BuildingA_Floor1,TypeA
1045,2025-04-06 21:37:44,22.89,55.7,BuildingA_Floor1,TypeB
1037,2025-04-08 06:55:14,26.15,58.21,BuildingB_Floor2,TypeA
1006,2025-04-07 23:31:48,24.99,65.75,BuildingB_Floor2,TypeB
1039,2025-04-07 11:04:08,17.5,57.2,BuildingB_Floor1,TypeC
1097,2025-04-09 09:01:34,22.48,75.38,BuildingA_Floor1,TypeA
1031,2025-04-08 01:00:44,19.42,41.78,BuildingA_Floor2,TypeC
1065,2025-04-06 03:20:13,34.57,32.16,BuildingB_Floor2,TypeC
1047,2025-04-08 12:37:39,32.95,48.08,BuildingA_Floor2,TypeB
1064,2025-04-09 03:18:40,17.39,36.54,BuildingB_Floor2,TypeB
1042,2025-04-07 18:10:47,26.89,68.17,BuildingB_Floor1,TypeB
1028,2025-04-10 09:24:12,26.48,58.27,BuildingB_Floor1,TypeC
1041,2025-04-08 15:15:29,17.66,74.16,BuildingA_Floor1,TypeC
1033,2025-04-06 00:32:24,21.13,34.53,BuildingA_Floor1,TypeB
1015,2025-04-06 16:33:37,15.05,36.7,BuildingA_Floor2,TypeB
1029,2025-04-09 09:44:30,31.48,39.39,BuildingA_Floor1,TypeC
1095,2025-04-08 23:58:09,19.22,64.44,BuildingB_Floor2,TypeA
1084,2025-04-05 23:24:33,34.58,71.49,BuildingA_Floor2,TypeB
1095,2025-04-07 23:03:05,15.57,68.81,BuildingB_Floor1,TypeB
1002,2025-04-10 01:38:55,16.26,30.38,BuildingB_Floor1,TypeB
1052,2025-04-06 20:35:31,29.97,54.49,BuildingB_Floor2,TypeA
1090,2025-04-07 15:17:31,27.86,52.53,BuildingB_Floor1,TypeB
1083,2025-04-06 01:34:52,26.83,50.81,BuildingB_Floor1,TypeB
1089,2025-04-08 21:28:45,17.64,78.18,BuildingA_Floor1,TypeB
1098,2025-04-09 01:26:46,22.23,61.1,BuildingB_Floor2,TypeA
1099,2025-04-07 22:19:51,31.06,69.73,BuildingB_Floor2,TypeB
1054,2025-04-06 07:08:17,15.27,75.73,BuildingA_Floor1,TypeB
1033,2025-04-07 22:51:42,25.81,65.53,BuildingA_Floor1,TypeA
1064,2025-04-10 03:21:19,26.96,71.63,BuildingB_Floor1,TypeB
1055,2025-04-09 12:58:30,25.57,43.93,BuildingA_Floor2,TypeC
1035,2025-04-08 18:04:30,30.71,42.72,BuildingB_Floor2,TypeC
1002,2025-04-10 01:04:27,27.06,73.12,BuildingB_Floor2,TypeC
1098,2025-04-05 17:09:18,28.22,78.56,BuildingA_Floor2,TypeA
1034,2025-04-06 15:06:34,31.12,41.6,BuildingB_Floor2,TypeB
1020,2025-04-08 16:47:38,31.09,79.54,BuildingA_Floor1,TypeA
1090,2025-04-09 14:16:49,22.61,64.51,BuildingA_Floor2,TypeC
1061,2025-04-10 08:26:13,16.38,55.01,BuildingB_Floor1,TypeA
1031,2025-04-05 16:05:36,25.75,50.13,BuildingB_Floor2,TypeB
1053,2025-04-10 04:18:26,23.42,31.4,BuildingB_Floor1,TypeA
1051,2025-04-10 13:57:37,16.4,43.01,BuildingB_Floor2,TypeA
1075,2025-04-06 15:03:42,24.16,33.18,BuildingA_Floor2,TypeB
1009,2025-04-07 23:40:28,29.29,73.87,BuildingB_Floor1,TypeC
1076,2025-04-08 08:13:42,24.66,72.65,BuildingB_Floor1,TypeA
1010,2025-04-09 03:07:59,29.67,65.64,BuildingB_Floor2,TypeC
1001,2025-04-08 21:57:22,32.61,79.34,BuildingB_Floor1,TypeB
1085,2025-04-10 03:11:54,31.2,30.19,BuildingB_Floor2,TypeC
1043,2025-04-06 04:29:44,29.57,40.75,BuildingA_Floor1,TypeC
1094,2025-04-09 18:08:31,23.49,31.05,BuildingB_Floor1,TypeC
1082,2025-04-08 17:51:13,34.0,57.99,BuildingA_Floor2,TypeA
1099,2025-04-08 18:28:42,19.01,72.97,BuildingB_Floor1,TypeB
1082,2025-04-10 13:47:45,19.32,77.05,BuildingB_Floor2,TypeA
1068,2025-04-06 13:38:37,27.68,52.79,BuildingB_Floor1,TypeA
1083,2025-04-06 14:05:17,31.39,34.13,BuildingA_Floor2,TypeB
1085,2025-04-07 18:49:59,16.55,53.57,BuildingB_Floor2,TypeC
1050,2025-04-10 04:23:26,15.52,32.42,BuildingB_Floor2,TypeC
1016,2025-04-06 04:38:09,15.05,47.84,BuildingA_Floor1,TypeA
1100,2025-04-09 22:21:17,33.75,62.69,BuildingB_Floor1,TypeB
1063,2025-04-10 05:09:43,23.35,57.65,BuildingB_Floor2,TypeA
1015,2025-04-06 01:07:33,28.13,72.76,BuildingA_Floor2,TypeA
1017,2025-04-05 19:11:37,28.75,67.89,BuildingB_Floor1,TypeA
1007,2025-04-09 20:28:26,22.0,42.54,BuildingB_Floor2,TypeB
1010,2025-04-09 16:25:17,18.17,55.21,BuildingB_Floor1,TypeB
1074,2025-04-07 01:39:43,24.27,68.94,BuildingA_Floor1,TypeB
1008,2025-04-06 06:40:20,20.1,49.88,BuildingB_Floor2,TypeA
1053,2025-04-06 17:46:00,31.89,57.57,BuildingB_Floor1,TypeC
1094,2025-04-05 23:35:39,24.91,33.67,BuildingB_Floor1,TypeB
1037,2025-04-08 05:36:31,34.69,70.89,BuildingA_Floor1,TypeA
1077,2025-04-07 05:32:52,32.82,57.14,BuildingB_Floor1,TypeA
1091,2025-04-07 15:15:29,21.64,69.9,BuildingB_Floor2,TypeC
1050,2025-04-05 16:53:42,15.23,63.16,BuildingB_Floor2,TypeC
1011,2025-04-09 02:54:33,15.78,35.03,BuildingB_Floor2,TypeA
1012,2025-04-07 15:11:32,17.64,79.25,BuildingB_Floor2,TypeB
1081,2025-04-07 08:03:30,19.68,67.43,BuildingB_Floor2,TypeC
1005,2025-04-08 21:30:29,16.41,37.66,BuildingB_Floor1,TypeB
1075,2025-04-09 14:37:09,18.39,52.6,BuildingA_Floor2,TypeC
1043,2025-04-07 23:27:01,16.86,45.97,BuildingA_Floor2,TypeA
1094,2025-04-10 14:14:44,22.72,36.95,BuildingB_Floor1,TypeB
1085,2025-04-09 03:00:25,34.81,54.72,BuildingB_Floor2,TypeA
1068,2025-04-08 05:06:15,31.98,49.56,BuildingA_Floor2,TypeC
1062,2025-04-07 01:47:22,32.4,58.99,BuildingB_Floor2,TypeA
1005,2025-04-07 23:16:59,33.86,38.17,BuildingB_Floor2,TypeA
1048,2025-04-07 18:29:16,31.56,43.57,BuildingA_Floor1,TypeC
1010,2025-04-08 06:42:35,34.17,56.17,BuildingB_Floor2,TypeA
1077,2025-04-08 16:31:39,31.3,30.49,BuildingA_Floor2,TypeC
1005,2025-04-06 21:05:23,31.63,42.89,BuildingA_Floor2,TypeB
1075,2025-04-08 17:39:24,21.63,78.87,BuildingA_Floor1,TypeA
